id_usuario,nome,email,telefone,endereco,cpf,senha
1,Beverly Marshall,cmatthews@yahoo.com,46793583306,"316 Jonathan Meadows, Caitlinstad, IL 08064",71322905778,3413
2,Victoria Johnson,denisesanchez@yahoo.com,51980496046,"PSC 2684, Box 5827, APO AE 97001",82215178543,9621
3,Karen Lindsey,kathleenroberts@barrett-pruitt.org,89764953608,"030 Edward Gardens Apt. 726, New Veronicaburgh, DC 56580",57032490995,4937
4,Dr. Jason Perez MD,wsmith@martinez.com,54530330253,"5197 Leslie Ferry, Castroton, IA 18301",63795169794,1674
5,Clifford Williams,brooksmegan@davis.com,86052897846,"743 Martin Club, North Sherryburgh, IL 75563",69854261032,3177
6,Jill Stewart,michael63@yahoo.com,43867339849,"00934 Henderson Parkway Suite 048, Jasonview, MO 07452",29617913207,6583
7,Matthew Vargas,rwalls@gmail.com,39692155331,"PSC 5073, Box 5791, APO AE 21666",48957760564,2005
8,Sarah Rivera,ameyer@lopez.com,10804165517,"79417 Joshua Fork Suite 868, Robertbury, VT 43737",99643822587,6427
9,Joseph Lane,anna21@watkins.com,82649303938,"15604 Mark Prairie, Leahburgh, VA 68607",88282981970,4619
10,Michael Carpenter,alvaradonancy@yahoo.com,67803525123,"8673 Molly Rapid Suite 405, Brandonfort, MA 21131",62795719673,6953
11,Beverly Contreras,crossbrian@gmail.com,82257348712,"60298 Love Mountains, West Meganborough, WI 18113",04805070096,5511
12,Ryan Fowler,gregoryanthony@torres.com,05343494185,"3091 Bell View Suite 462, Lake Eric, MN 36621",59797330013,8016
13,Jodi Macdonald,hartmanalejandro@garcia.biz,84668182463,"9125 Jamie Lodge Apt. 964, New Hannah, NV 68744",37938488707,5416
14,Catherine Bowers DDS,mgolden@gmail.com,20320454852,"77942 Barbara Expressway, Smithshire, MI 67537",74725574664,2145
15,Joseph Brown,christine14@hotmail.com,99758233429,"94565 Landry Harbor Suite 258, Port Mark, NE 67403",89820117065,6084
16,Andrew Davis,johnmoreno@hotmail.com,48507044185,"5114 Shawn Neck, North Stephanie, HI 04419",36104772228,3369
17,Paul Abbott,stephanieperez@ball.com,95258866190,"USS Dorsey, FPO AP 22664",95204702956,1301
18,Michael Smith,brian70@yahoo.com,64526029547,"72630 Rios Park Suite 014, Lake Crystal, NJ 34331",11518188000,7676
19,Ryan Watkins,blackkathleen@cooper.biz,52648172032,"99431 Miller Views Suite 502, West Paula, FL 82356",46552743385,3978
20,Christian Mathis,thomas76@gmail.com,04410812682,"PSC 5018, Box 3448, APO AE 26008",56937385152,1460
21,Peter Long,gibsonmelissa@marsh.com,91835487459,"79904 Dylan Gateway Apt. 866, Lake Sarahbury, MT 52128",85984526651,8705
22,Karen Hines,alexander54@gmail.com,52942733267,"9148 Donald Rapids Suite 283, Tarashire, CT 09099",77033290147,3009
23,Crystal Sharp,cameron86@hotmail.com,62132944868,"6920 April River, Margaretfurt, NV 56985",94554594115,2045
24,Kimberly Patel,jeffrey73@hotmail.com,87992173988,"81303 Jones Plains Suite 215, Ramirezport, ND 47317",90340370310,6993
25,Raymond Phillips,julie76@lewis.com,99116808762,"8679 Miller Groves Apt. 749, West Edgar, FL 64798",12892312668,1223
26,Kimberly Ross,dominguezsharon@rivers-wagner.com,64625755734,"72022 Moore Streets Suite 204, Torresshire, LA 76514",49824867538,1583
27,Kim Schmidt,gary60@gmail.com,63063653168,"21294 Tara Prairie, West Carlos, KS 69808",19104464729,1887
28,Melanie Kane,shirleymartinez@gmail.com,70000822103,"Unit 3139 Box 9476, DPO AE 04457",80470198117,1692
29,Julie David,hernandezlarry@choi.com,65411348124,"225 White Terrace Suite 847, Lake Laurenshire, AR 53487",42842659048,5459
30,Jason Hodges,allengina@alvarez.org,03605102830,"56824 Sarah Place Apt. 827, Port Markmouth, VA 98128",22757358986,3980
31,Christopher Francis,fwoodward@yahoo.com,95220502934,"763 Spencer Plains, Johntown, WV 49076",86258432551,3840
32,Lori Williams,dustincohen@silva.com,26347344901,"USNS Maxwell, FPO AA 56139",87916308074,4460
33,James Rubio,scottdavila@lawson.net,40377672378,"393 Christopher Pike, New Kennethfort, AZ 48413",83342688525,9402
34,Miss Emily Jackson DDS,hoffmancorey@gmail.com,14999529955,"832 Amanda Mountains, North Karen, OK 06689",79228295036,7120
35,Anthony Kennedy,douglassanders@johnston.net,40628682294,"770 Elizabeth Pines Suite 677, New Brianmouth, LA 36460",03958044408,6842
36,Amber Bryant,evelynwilliams@hotmail.com,17871074028,"6070 Haley Points, Lake Nancyburgh, NM 13657",98293808284,4633
37,Mary Scott,johnsoncraig@rice.com,01051151489,"68305 Williams Street, Longfort, DC 38067",82304950579,4787
38,Donald Garcia,williamsmargaret@ruiz.info,40322030200,"5146 Andrea Wall Suite 595, Hooverview, FL 48690",47215982643,6335
39,Sylvia Alexander,william38@montgomery-short.info,85195040058,"196 Alexander Dam Suite 072, Justinhaven, LA 00908",18382128696,1611
40,Cheyenne Campbell,turnernancy@hotmail.com,87880035660,"39856 Douglas Loop Apt. 562, West Christopherville, AL 47316",91718226026,3094
41,Krista Fields,khutchinson@yahoo.com,88310886172,"3379 Anthony Point Apt. 572, North Justin, OH 60502",67512962026,9051
42,Jeffrey Stark,palmermichelle@clark.com,04055089842,"7590 Collins Isle, Robertsstad, WV 02484",33222260840,7382
43,Michele Parker,tanya70@wilkinson.info,04287593579,"4589 Jessica Trail Apt. 395, New William, NJ 84327",11074670968,2496
44,Richard Garcia,reidcrystal@quinn-cortez.com,64030389516,"PSC 6105, Box 0224, APO AA 52301",55858804803,3005
45,David Collins,penningtonjennifer@jones.com,25769161913,"70495 Wesley Square, North Cathy, NM 93709",97072793581,6487
46,Amy Brown,mary57@king.net,97158046573,"65031 Sara Mission Apt. 656, Weaverbury, CA 37974",04451968456,2110
47,Brian Brown,ymoreno@hotmail.com,94738600538,"897 Pamela Dale, Port Michael, CO 99906",77799853324,4661
48,Amber Foster,anna74@gmail.com,22390242048,"9857 Elliott Lock Suite 736, Schneiderside, CO 74259",34188760718,5716
49,Mrs. Katherine Yates,christinehall@walker.net,78837697535,"8580 Hunt Glens Apt. 932, East Kevin, KS 70865",23725942712,6863
50,Melissa Smith,clementssarah@hotmail.com,31333546026,"648 Hamilton Ford, Port Kimberlyfort, WV 05964",98673010637,3730
